title,company,category,country,apply_link,description
Internships & Early Grads Program,Avnet,Internship,United States,https://www.avnet.com/wps/portal/us/about-avnet/careers/internships-early-grads/,Internship program across Avnet's technology distribution business.
Careers Program,Axos Bank,Internship,United States,https://www.axosbank.com/careers,Internship opportunities across Axos Bank's digital banking business.
Students & Graduates Program,BAE Systems,Graduate Trainee,United Kingdom,https://jobs.baesystems.com/global/en/studentsandgraduates,Graduate and internship programme in aerospace and defense engineering.
Students Program,Bain & Company,Internship,United States,https://www.bain.com/careers/work-with-us/students/,Strategy consulting internship program at Bain & Company.
Campus Program,Baird,Internship,United States,https://bairdcareers.com/campus/,Investment banking internship program at Baird.
Early Careers Program,Baker Hughes,Graduate Trainee,United States,https://careers.bakerhughes.com/global/en/early-careers,Graduate and internship programme in energy technology.
Students Program,Baker Institute,Internship,United States,https://www.bakerinstitute.org/students,Public policy research internship at Rice University's Baker Institute.
Student Opportunities Program,Baker Tilly,Internship,United States,https://careers.bakertilly.com/student-opportunities,Accounting and consulting internship program.
Internships Program,Ball Corporation,Internship,United States,https://www.ball.com/careers/internships,Internship program in aerospace and packaging manufacturing.
Campus Program,Bank of America,Internship,United States,https://campus.bankofamerica.com/,Internship and graduate program across Bank of America's global business.
Students Program,Bank of New York Mellon,Internship,United States,https://www.bnymellon.com/us/en/careers/students.html,Internship program across BNY Mellon's financial services business.
Student & Visitor Programs,Baptist Health,Internship,United States,https://academics.baptisthealth.net/student-and-visitor-programs,Healthcare internship and clinical training program.
Internships Program,Barclays,Internship,United Kingdom,https://search.jobs.barclays/internships,Investment banking internship program at Barclays.
Students & New Graduates Program,Barnes-Jewish Hospital,Internship,United States,https://www.barnesjewish.org/Careers/Students-New-Graduates,Healthcare internship program at Barnes-Jewish Hospital.
Summer Careers Program,Bates White,Internship,United States,https://www.bateswhite.com/careers-paths-summer.html,Economic consulting summer internship program.
Students Program,Bath & Body Works,Internship,United States,https://careers.bathandbodyworks.com/en/students/,Retail internship program at Bath & Body Works.
Internships & Co-ops Program,Battelle,Internship,United States,https://jobs.battelle.org/internships-and-co-ops/,Science research internship and co-op program at Battelle.
Intern Jobs Program,Baxter,Internship,United States,https://jobs.baxter.com/category/intern-jobs/152/83228/1,Internship program across Baxter's healthcare business.
Students & Graduates Program,Baylor Scott & White Health,Internship,United States,https://jobs.bswhealth.com/us/en/students-graduates,Healthcare internship and graduate program.
Early Careers Program,BCG (Boston Consulting Group),Internship,United States,https://careers.bcg.com/early-careers,Strategy consulting internship and early-career program at BCG.
Internship Program,BDO USA,Internship,United States,https://www.bdo.com/careers/internship,Accounting and consulting internship program at BDO.
Early Career Program,Bechtel,Internship,United States,https://www.bechtel.com/careers/early-career/,Engineering internship and early-career program at Bechtel.
Early Talent Program,Becton Dickinson,Internship,United States,https://jobs.bd.com/early-talent,Internship program across BD's medical technology business.
Students Program,Belfer Center,Internship,United States,https://www.belfercenter.org/students,International affairs research internship at Harvard's Belfer Center.
University Recruiting Program,Benchling,Internship,United States,https://www.benchling.com/university-recruiting,Internship program across Benchling's life sciences software business.
Early Careers Program,Berkadia,Internship,United States,https://www.berkadia.com/careers/early-careers/,Internship program in commercial real estate finance.
Internships Program,Berkshire Hathaway GUARD,Internship,United States,https://www.guard.com/careers/internships/,Internship program at Berkshire Hathaway's insurance subsidiary.
Job Opportunities Program,Berry Global,Internship,United States,https://www.berryglobal.com/en/careers/job-opportunities,Internship program in packaging and manufacturing.
Bessemer Fellows Program,Bessemer Venture Partners,Fellowship,United States,https://www.bvp.com/bessemer-fellows,Venture capital fellowship program at Bessemer Venture Partners.
Internships Program,Best Buy,Internship,United States,https://jobs.bestbuy.com/bby?id=career_area&content=internships,Retail and technology internship program at Best Buy.
Graduate & Student Programs,BHP,Graduate Trainee,Australia,https://www.bhp.com/careers/graduate-student-programs,Graduate development programme in global mining operations.
Students & Graduates Program,Biogen,Internship,United States,https://www.biogen.com/careers/students-and-graduates.html,Internship and graduate program across Biogen's biotech business.
Internship Jobs Program,BioMarin Pharmaceutical,Internship,United States,https://www.biomarin.com/careers/jobs/?keyword=intern,Internship program across BioMarin's biopharma R&D functions.
Early Careers Program,BlackRock,Internship,United States,https://careers.blackrock.com/early-careers/,Internship and graduate program across BlackRock's asset management business.
Students Program,Blackstone,Internship,United States,https://www.blackstone.com/careers/students/,Investment internship program at Blackstone.
University Program,Blend,Internship,United States,https://blend.com/company/careers/university/,Internship program across Blend's fintech software business.
Internships at Bloomberg,Bloomberg,Internship,United States,https://www.bloomberg.com/company/careers/early-career/internships-at-bloomberg/,Internship program across Bloomberg's media and financial technology business.
Internships Program,Blue Origin,Internship,United States,https://www.blueorigin.com/careers/internships/,Aerospace engineering internship program at Blue Origin.
Students Program,BMO,Internship,United States,https://jobs.bmo.com/us/en/students,Internship program across BMO's financial services business.
Careers Program,BMO Capital Markets,Internship,United States,https://capitalmarkets.bmo.com/en/careers/,Investment banking internship program at BMO Capital Markets.
Campus Recruiting Program,BMSS Advisors & CPAs,Internship,United States,https://www.bmss.com/careers/campus-recruiting/,Accounting internship program at BMSS.
Recent Graduate Program,BMW Group,Graduate Trainee,Germany,https://www.bmwgroup.jobs/us/en/opportunities/recent-graduate.html,Graduate program in automotive engineering and business at BMW.
Students & Graduates Program,BNP Paribas,Internship,France,https://usa.bnpparibas/en/homepage/join-us/our-opportunities/students-graduates/,Internship and graduate program across BNP Paribas's global banking business.
Entry-Level Program,Boeing,Internship,United States,https://jobs.boeing.com/entry-level,Entry-level and internship program across Boeing's aerospace engineering business.
College Careers Program,Bohler,Internship,United States,https://bohlerengineering.com/careers/college/,Civil engineering internship program at Bohler.
University Talent Program,Booz Allen Hamilton,Internship,United States,https://careers.boozallen.com/talent/university,Consulting internship program at Booz Allen Hamilton.
Students & Graduates Program,BorgWarner,Internship,United States,https://www.borgwarner.com/careers/who-we-look-for/students-graduates,Internship program in automotive engineering at BorgWarner.
Students Program,Boston Scientific,Internship,United States,https://www.bostonscientific.com/en-US/careers/students.html,Internship program across Boston Scientific's medical device business.
Early Careers Program,Box,Internship,United States,https://careers.box.com/en/early-careers/,Internship program across Box's cloud software business.
Internship Jobs,Boys and Girls Clubs of America,Internship,United States,https://careers-bgca.icims.com/jobs/search?ss=1&searchKeyword=intern,Internship program at Boys and Girls Clubs of America.
Careers Program,Boy Scouts of America,Volunteer Program,United States,https://www.scouting.org/careers/,Volunteer and career opportunities at Boy Scouts of America.
Intern and Co-op Programs,BP,Internship,United States,https://www.bp.com/en/global/corporate/careers/students-and-graduates/locations/united-states/intern-and-co-op-programs.html,Internship and co-op program across BP's energy business.
Internships Program,Bipartisan Policy Center,Internship,United States,https://bipartisanpolicy.org/internships/,Public policy research internship at the Bipartisan Policy Center.
Early Careers Program,BPM,Internship,United States,https://www.bpm.com/careers/early-careers/,Accounting and consulting internship program at BPM.
Summer Internships Program,Brattle Group,Internship,United States,https://www.brattle.com/careers/summer-internships/,Economic consulting summer internship program at Brattle Group.
Applicant Toolkit Program,Bridgespan Group,Internship,United States,https://www.bridgespan.org/careers-at-bridgespan/bridgespan-applicant-toolkit,Nonprofit strategy consulting career program at Bridgespan Group.
Students Program,Bridgestone,Internship,Japan,https://careers.bridgestone-emea.com/go/Students/4220601/,Internship program in tire manufacturing engineering at Bridgestone.
Youth Programs,Brigham and Women's Hospital,Internship,United States,https://www.brighamandwomens.org/about-bwh/human-resources/workforce-development/youth-programs,Youth workforce development and internship program in healthcare.
Early Careers Program,Bristol-Myers Squibb,Internship,United States,https://careers.bms.com/early-careers,Internship program across BMS's biopharma R&D business.
College Students Program,Brookhaven National Laboratory,Internship,United States,https://www.bnl.gov/education/college-students.php,Science research internship at a US Department of Energy national lab.
Internships Program,Brookings Institution,Internship,United States,https://www.brookings.edu/careers/internships/,Public policy research internship at the Brookings Institution.
Careers Program,Brown Books Publishing Group,Internship,United States,https://www.brownbooks.com/careers/,Publishing internship program at Brown Books.
Students & Early Career Program,Brown Brothers Harriman,Internship,United States,https://www.bbh.com/us/en/careers/Students-and-Early-Career.html,Internship program across BBH's private banking business.
Early Careers Program,Builders FirstSource,Internship,United States,https://www.bldr.com/join-our-team/early-careers,Internship program in building materials manufacturing.
Trainee and Internship Program,Bunge,Internship,United States,https://bunge.com/bunge-trainee-and-internship-job-opportunities,Trainee and internship program in agribusiness at Bunge.
Students & Graduates Program,Burlington Stores,Internship,United States,https://burlingtonstores.jobs/students-graduates/,Retail internship program at Burlington Stores.
Internships Program,Burns & McDonnell,Internship,United States,https://www.burnsmcd.com/careers/find-your-career/internships,Engineering and consulting internship program at Burns & McDonnell.
Internships Program,Caesars Entertainment,Internship,United States,https://www.caesars.com/careers/internships,Hospitality internship program at Caesars Entertainment.
Internships & Co-ops Program,Campbell Soup Company,Internship,United States,https://careers.campbellsoupcompany.com/us/en/internships-co-ops,Internship and co-op program in food and beverage manufacturing.
Student Opportunities Program,Canon,Internship,Japan,https://www.usa.canon.com/about-us/student-opportunities,Internship program across Canon's imaging technology business.
Students & Graduates Program,Cantor Fitzgerald,Internship,United States,https://www.cantor.com/our-company/careers/students-graduates/,Investment banking internship program at Cantor Fitzgerald.
Students Program,Capital One,Internship,United States,https://www.capitalonecareers.com/students,Internship program across Capital One's financial services and technology business.
Working at Capula Program,Capula Investment Management,Internship,United Kingdom,https://www.capulaglobal.com/working-at-capula/#students,Internship program in quantitative investment management.
Students & Grads Program,Cardinal Health,Internship,United States,https://www.cardinalhealth.com/en/careers/students-grads.html,Internship program across Cardinal Health's healthcare distribution business.
Careers Program,CARE USA,Volunteer Program,United States,https://phg.tbe.taleo.net/phg02/ats/careers/v2/jobSearch?act=redirectCwsV2&cws=61&org=CAREUSA,Humanitarian relief internship and volunteer opportunities at CARE USA.
University Program,Cargill,Internship,United States,https://careers.cargill.com/university,Internship and graduate program across Cargill's agribusiness.
Students Program,CarMax,Internship,United States,https://careers.carmax.com/students,Retail internship program at CarMax.
Jobs Program,Carnegie Council for Ethics in International Affairs,Internship,United States,https://www.carnegiecouncil.org/about/jobs,Internship program in international affairs ethics research.
Internships Program,Carnegie Endowment for International Peace,Internship,United States,https://carnegieendowment.org/internships-at-the-carnegie-endowment-for-international-peace?lang=en,Foreign policy research internship at the Carnegie Endowment.
Early Talent Program,Carnival Cruises,Internship,United States,https://jobs.carnival.com/early-talent,Hospitality internship program at Carnival Cruise Line.
Early Career Opportunities,Carrier Global,Internship,United States,https://www.corporate.carrier.com/careers/career-paths/early-career-opportunities/,Internship program across Carrier's climate and energy solutions business.
Educational Programs Internships,Carter Center,Internship,United States,https://www.cartercenter.org/involved/educational-programs/internships-offered/index.html,Internship program in global health and peace initiatives at the Carter Center.
Internships Program,Casey's,Internship,United States,https://www.caseys.com/careers/internships,Retail internship program at Casey's General Stores.
Students and Graduates Program,Catalent,Internship,United States,https://careers.catalent.com/us/en/studentandgraduates,Internship program across Catalent's biopharma manufacturing business.
College Careers Program,Caterpillar,Internship,United States,https://www.caterpillar.com/en/careers/career-areas/college.html,Internship program across Caterpillar's manufacturing and engineering business.
Volunteer Internships Program,Catholic Medical Mission Board,Volunteer Program,United States,https://cmmb.org/get-involved/volunteer/internships/,Volunteer and internship program in global health at CMMB.
About CRS Internships,Catholic Relief Services,Volunteer Program,United States,https://www.crs.org/about-crs-internships,Internship and volunteer program in humanitarian relief at CRS.
Internship Program,Cato Institute,Internship,United States,https://intern.cato.org/,Public policy research internship at the Cato Institute.
Careers Search Program,CBIZ,Internship,United States,https://careers.cbiz.com/en-US/search?keywords=intern&location=&pagenumber=1&locationLimit=3,Accounting and consulting internship program at CBIZ.
Internships Program,Center on Budget and Policy Priorities,Internship,United States,https://www.cbpp.org/internships,Public policy research internship at CBPP.
Pathways Program,CDER (FDA),Internship,United States,https://www.fda.gov/about-fda/jobs-center-drug-evaluation-and-research-cder/pathways-students-and-recent-graduates,Government pathways internship program for students at the FDA's CDER.
Early Careers Program,CDK Global,Internship,United States,https://careers.cdkglobal.com/early-careers/,Internship program across CDK Global's automotive software business.
Device Evaluation Intern Program,CDRH (FDA),Internship,United States,https://www.fda.gov/about-fda/scientific-internships-fellowships-trainees-and-non-us-citizens/device-evaluation-intern-program-cdrh,Scientific internship program at the FDA's device evaluation center.
Internship Jobs Search,CDW,Internship,United States,https://www.cdwjobs.com/search/focus-area/internship/jobs,Internship program across CDW's technology solutions business.
Professional Training Internship,Cedars-Sinai Health System,Internship,United States,https://www.cedars-sinai.edu/education/professional-training-programs/internship.html,Healthcare internship program at Cedars-Sinai.
Internships Program,Competitive Enterprise Institute,Internship,United States,https://cei.org/internships/,Public policy research internship at CEI think tank.
Students Program,Centene,Internship,United States,https://jobs.centene.com/us/en/students,Internship program across Centene's healthcare insurance business.
Internships Program,Center for American Progress,Internship,United States,https://www.americanprogress.org/about-us/internships/,Public policy research internship at Center for American Progress.
Careers Program,Center for International Policy,Internship,United States,https://internationalpolicy.org/careers/,Foreign policy research internship program.
Internship Program,Center for Naval Analyses,Internship,United States,https://www.cna.org/careers/internship,Defense and security research internship at CNA.
